1,NDT123435,YASH VINAYVANSHI,yash.vinayvanshi,yash@1234,10:00,1
2,MRT278392,RITIK VASHIST,ritik.vashist09,ritikABCD,14:00,0
3,XYU516283,KSHITIJ DWIVEDI,ksh_dwi11920,KD@#$%,00:00,0
4,LMT128938,SHOURYA GUPTA,shou_gu1010,guptaR2D3,00:00,0
5,TCV231452,RAHUL RAMASWAMI,rahul.hst12329,RAhul122,00:00,0
6,AGA125162,TSERING TSO,tsetring128912,tsering5,00:00,1
7,CHE125162,ROBIN CEREJO,tsetring128912,tsering5,00:00,1
8,RJS125162,MANJU CHAUHAN,tsetring128912,tsering5,00:00,1
9,KRT125162,SHASHI KUMAR,tsetring128912,tsering5,00:00,1
10,TAN125162,RAVINDRAN SWAMY,tsetring128912,tsering5,00:00,1
11,BIH125162,RISHI KUMAR JHA,tsetring128912,tsering5,00:00,1
12,UTP125162,SHAMIM AHMAD,tsetring128912,tsering5,00:00,1
13,UTP125162,MANOJ KUMAR,tsetring128912,tsering5,00:00,1
